N	V_rect	V_monte	eps_rect	eps_monte	t_rect	t_monte
10	10.2716049382716	7.415572566609296	16.741506379827168	39.891632813239795	2.3126602172851562e-05	5.435943603515625e-05
11	10.151999999999996	7.6637988054650865	17.710987493038992	37.87958670668345	2.3365020751953125e-05	3.7670135498046875e-05
12	10.602554470323067	8.13333034961813	14.05893051476058	34.073707361803365	2.4318695068359375e-05	3.814697265625e-05
13	11.958333333333337	9.607045266315353	3.0694009821634993	22.128224184912828	3.0279159545898438e-05	3.9577484130859375e-05
14	11.142467000455166	8.891536804386819	9.682564385455487	27.927917326409442	3.0040740966796875e-05	4.1484832763671875e-05
15	11.728862973760926	9.538744997589163	4.929417657580269	22.681845310547015	3.314018249511719e-05	4.315376281738281e-05
16	11.861333333333329	9.759101544788024	3.8556533672281086	20.895702415704836	3.600120544433594e-05	4.482269287109375e-05
17	11.970703125	9.985355918885169	2.9691352275174694	19.06175353668251	3.981590270996094e-05	4.6253204345703125e-05
18	11.723997557500516	9.857503312198054	4.9688552363336616	20.098087731986254	4.553794860839844e-05	4.839897155761719e-05
19	11.938271604938265	10.15826080541578	3.2320152275154856	17.660239315816455	5.0067901611328125e-05	5.173683166503906e-05
20	12.218690771249461	10.469154071126768	0.9590230797836488	15.14023342235493	5.125999450683594e-05	5.3882598876953125e-05
21	12.176999999999996	10.517472345386043	1.2969557429802694	14.748580243194542	6.198883056640625e-05	5.91278076171875e-05
22	11.848396501457726	10.3020288340771	3.9605153766855494	16.494899569105215	6.246566772460938e-05	6.151199340820312e-05
23	11.89406461307288	10.402925438570115	3.590343606800929	15.677062497687213	7.200241088867188e-05	6.651878356933594e-05
24	12.000986274348646	10.560685662359123	2.7236692646036675	14.398306289208621	7.772445678710938e-05	7.152557373046875e-05
25	12.005208333333345	10.649332790890783	2.689446543504675	13.679759730062841	9.012222290039062e-05	7.581710815429688e-05
26	12.238848000000015	10.876480456071462	0.7956347377072109	11.838570106246857	9.036064147949219e-05	7.843971252441406e-05
27	12.096950386891166	10.801792094828652	1.9458134670040992	12.443971159481096	9.870529174804688e-05	8.296966552734375e-05
28	12.14449016918151	10.885844487986093	1.5604705060635555	11.762668122466454	0.000102996826171875	8.845329284667969e-05
29	12.119169096209903	10.90990623608621	1.7657153928297364	11.567630938625848	0.0001163482666015625	9.632110595703125e-05
30	12.08020009020459	10.909949514294171	2.0815862579356343	11.567280138685323	0.00012564659118652344	0.00010180473327636719
31	12.087999999999973	10.954955592369183	2.0183625705139048	11.202474610552548	0.00017905235290527344	0.0001227855682373047
32	12.209862038870778	11.099396650840925	1.030586088957219	10.031679489679828	0.00015211105346679688	0.00012683868408203125
33	12.240966796875	11.162170337748584	0.778460417125518	9.52285514895362	0.00018286705017089844	0.00013518333435058594
34	12.189331329827171	11.141328185063472	1.1970017482623947	9.691795275330415	0.00017595291137695312	0.00013184547424316406
35	12.079381233462275	11.072413795890261	2.088223660684824	10.250394273811889	0.000194549560546875	0.00014972686767578125
36	12.178285714285732	11.1898170247228	1.2865341355197415	9.298759545112286	0.00025153160095214844	0.00020503997802734375
37	12.208333333333364	11.25425297152712	1.0429773093165278	8.776461433166014	0.0002658367156982422	0.0001723766326904297
38	12.184549779874901	11.24738399628007	1.2357595323271104	8.8321392493613	0.00024628639221191406	0.00021266937255859375
39	12.259367254701843	11.340012864114222	0.629311923799387	8.081317927088818	0.00038051605224609375	0.00030112266540527344
40	12.234865725989991	11.33900205401033	0.8279138350099122	8.089511245181939	0.000335693359375	0.00025534629821777344
41	12.247874999999912	11.373231262188591	0.7224646317288981	7.812059734161019	0.0003104209899902344	0.0002868175506591797
42	12.164187983343213	11.315040550311869	1.4008060383811165	8.283735878508201	0.00043511390686035156	0.00044989585876464844
43	12.214771622934768	11.382729932189513	0.9907904994728195	7.735066415159315	0.0005738735198974609	0.0003724098205566406
44	12.26518419761779	11.446438256702708	0.5821615604854912	7.218666187355548	0.0004303455352783203	0.0005340576171875
45	12.307381667918795	11.504915006999768	0.2401217494766729	6.744671502903098	0.0005235671997070312	0.0004298686981201172
46	12.23427160493834	11.452889632849594	0.8327295988643131	7.166373301969591	0.0005054473876953125	0.0004513263702392578
47	12.236952412262552	11.472424223991961	0.8109997931678259	7.008031870248489	0.0005650520324707031	0.0005018711090087891
48	12.235901486183296	11.48674630806089	0.8195182791094856	6.891941429441368	0.0006699562072753906	0.0005464553833007812
49	12.276692708333298	11.543689342089932	0.4888770862730259	6.430378580800698	0.0005857944488525391	0.0005776882171630859
50	12.266725599027424	11.544862303773646	0.5696674312621245	6.420870911507814	0.0005707740783691406	0.0005958080291748047
51	12.257856000000064	11.55120516251854	0.6415616930129275	6.369457635051109	0.0006785392761230469	0.0006537437438964844
52	12.262433000881972	11.568031275761308	0.6044619212619781	6.233070298262526	0.0007224082946777344	0.0006933212280273438
53	12.276684114701835	11.594561852212445	0.4889467436259579	6.018021545563109	0.0006492137908935547	0.0006885528564453125
54	12.272359061507082	11.602452695181606	0.5240043043466353	5.954060781597414	0.0007686614990234375	0.0008456707000732422
55	12.267489711934168	11.610221483649696	0.5634737653303116	5.891089354153112	0.0009756088256835938	0.0008397102355957031
56	12.297232156273411	11.649846944950514	0.32239059214083293	5.569897462843303	0.0008935928344726562	0.0008561611175537109
57	12.2860331632654	11.65052750724781	0.41316621031475687	5.564381032642953	0.0010263919830322266	0.0009624958038330078
58	12.277785877436004	11.653158502475844	0.480016191280433	5.54305498859002	0.001071929931640625	0.0010709762573242188
59	12.244413465086572	11.632293232768713	0.7505227769000089	5.712182494489463	0.0009648799896240234	0.0009729862213134766
60	12.285423534051738	11.681055321678649	0.4181076785956471	5.316931889271258	0.001178741455078125	0.0011768341064453125
61	12.262666666666572	11.67233261895674	0.6025678977521831	5.387635454418787	0.0012493133544921875	0.0011758804321289062
62	12.305100426908087	11.718930076926835	0.2586127926269452	5.0099306867184525	0.0012140274047851562	0.0012001991271972656
63	12.286898727803754	11.711141797851248	0.4061502084311611	5.07306009907648	0.0013668537139892578	0.0013041496276855469
64	12.28377065111758	11.716776399794643	0.431505443020534	5.027387736015823	0.0014300346374511719	0.0013806819915771484
65	12.272552490234375	11.714595990522717	0.5224364301386537	5.045061467876322	0.0012898445129394531	0.0013434886932373047
66	12.276114701866138	11.726327149599951	0.49356223022547296	4.949972274020168	0.0015974044799804688	0.0014684200286865234
67	12.271224643125473	11.729882247895151	0.5331995534002543	4.921155732641407	0.0016865730285644531	0.0015282630920410156
68	12.320983631630176	11.78524222300951	0.12986838442889748	4.472424676241635	0.0016720294952392578	0.0015621185302734375
69	12.28684103399149	11.760385020536981	0.40661785685895935	4.673909570365941	0.0018417835235595703	0.0016162395477294922
70	12.298183611408009	11.778418920184206	0.31467838730723496	4.527732285730422	0.0020096302032470703	0.0018298625946044922
71	12.295626822157422	11.783392953647928	0.3354029403627125	4.487414289088754	0.0018076896667480469	0.0018227100372314453
72	12.284886466188508	11.779947330629552	0.42246098672353916	4.515343457297323	0.0020012855529785156	0.001814126968383789
73	12.300347222222191	11.802949141561458	0.29714081861648667	4.328897800534289	0.002168416976928711	0.0019068717956542969
74	12.296840497973001	11.804906966263294	0.3255652547473057	4.313028271241945	0.0022640228271484375	0.0018768310546875
75	12.313722780486982	11.827726542957706	0.18872262699523443	4.1280597495703555	0.002302408218383789	0.0019307136535644531
76	12.292778666666637	11.813624968168899	0.35848921920461224	4.242362809476185	0.002404928207397461	0.002088308334350586
77	12.293975069252062	11.821208133451249	0.34879154511917315	4.180895986903131	0.0023488998413085938	0.0022373199462890625
78	12.296994959838543	11.82995200291532	0.32431323402376355	4.110020850606027	0.002602100372314453	0.0020232200622558594
79	12.299499317250849	11.838363389821726	0.3040136774414988	4.041840716411568	0.0027861595153808594	0.0023789405822753906
80	12.294816434399667	11.839369464455114	0.34197169610870676	4.033685782596577	0.0028798580169677734	0.002329111099243164
81	12.317484374999971	11.866894428655817	0.15823229032014924	3.8105768263943216	0.004008769989013672	0.002960681915283203
82	12.30110586123383	11.856464065337924	0.2909915224071619	3.8951221669694016	0.0031816959381103516	0.002363920211791992
83	12.286023127929072	11.847311313515107	0.41324755368715105	3.969311578831197	0.0039997100830078125	0.002803802490234375
84	12.289387481702645	11.855520643824223	0.38597712916474863	3.9027692537247534	0.0032494068145751953	0.002436399459838867
85	12.310374149659644	11.881764753416133	0.2158656061158016	3.6900425139254227	0.003484487533569336	0.0025720596313476562
86	12.323797272542327	11.898800784138679	0.10706187022380152	3.55195365013538	0.004176616668701172	0.0030107498168945312
87	12.29789829826315	11.878745107415998	0.3169910485509035	3.7145188424785873	0.003656625747680664	0.002717733383178711
88	12.310686511678776	11.895633586186069	0.21333369495553164	3.577625989766424	0.0037841796875	0.0028989315032958984
89	12.319109222389068	11.908543670543448	0.14506177346403012	3.472980787525455	0.006893634796142578	0.004507780075073242
90	12.304881491243004	11.899160740959779	0.2603874182851675	3.54903595004146	0.006392717361450195	0.003549337387084961
91	12.310716049382933	11.909264202913466	0.2130942713437556	3.4671403721188296	0.0065953731536865234	0.003558635711669922
92	12.314996198102158	11.917712431674095	0.1784006925919866	3.3986616091021715	0.0066835880279541016	0.003741025924682617
93	12.308426481465984	11.91568405201666	0.23165280985373382	3.4151030353235634	0.007040262222290039	0.004747629165649414
94	12.30760968077593	11.91891741726415	0.2382735468710345	3.388894363801662	0.007771730422973633	0.005220651626586914
95	12.305336967723822	11.920846846091045	0.25669546499254936	3.3732550028020944	0.007258176803588867	0.0053632259368896484
96	12.304347572532423	11.923731488156882	0.2647152003431512	3.349872974922489	0.006956338882446289	0.006143808364868164
97	12.305419921875083	11.929224097784816	0.2560230639690371	3.3053515582194817	0.007893562316894531	0.005839824676513672
98	12.328796841804248	11.955172472326721	0.06653688819822746	3.0950219564450427	0.009805679321289062	0.005537509918212891
99	12.318056252071681	11.948540309529026	0.15359682937586153	3.148780243226734	0.005948305130004883	0.0044705867767333984
100	12.306573540733222	11.940963914784184	0.24667218171474015	3.2101921858898486	0.005411624908447266	0.004016876220703125
101	12.311352000000303	11.949282975451066	0.20793944980055093	3.142760420004981	0.005768299102783203	0.004262208938598633
102	12.319724041809064	11.960786705892682	0.14007823495521074	3.0495146932332275	0.0064508914947509766	0.0052318572998046875
103	12.304023339439492	11.949122441699958	0.2673433348032918	3.1440616575791283	0.006280183792114258	0.004533529281616211
104	12.316459646371094	11.964530801029387	0.16653842772735283	3.0191662011595906	0.006310701370239258	0.004566669464111328
105	12.329234467455434	11.980353684028156	0.06298962828059618	2.890910742434029	0.006727933883666992	0.0047380924224853516
106	12.315117589892884	11.969822710871517	0.1774167277983199	2.9762715956449366	0.008855581283569336	0.00502777099609375
107	12.312560032778553	11.970595499995973	0.19814750492287206	2.970007602941272	0.0073053836822509766	0.005010843276977539
108	12.3128020812329	11.973868245030829	0.1961855340514037	2.9434797308859766	0.00750422477722168	0.005205631256103516
109	12.316700960219606	11.981132392467545	0.1645824113465073	2.8845987695707325	0.007337808609008789	0.005246162414550781
110	12.316338861909562	11.983426909335265	0.1675174696959882	2.866000116376762	0.007630586624145508	0.005522012710571289
111	12.318166791885732	11.98824192787878	0.15270082739192448	2.8269710461296556	0.012005329132080078	0.006372928619384766
112	12.327114550635482	11.999822056868988	0.08017302679426268	2.7331060560481553	0.008692741394042969	0.006697893142700195
113	12.32185563957725	11.997630552491772	0.12280015424145711	2.750869721444701	0.008593082427978516	0.006106376647949219
114	12.316820951184118	11.9954511522937	0.16360980122244811	2.768535274060621	0.009392261505126953	0.006580829620361328
115	12.31972590756677	12.001071912623647	0.1400631116928733	2.722975106892611	0.008725166320800781	0.006276845932006836
116	12.321580669022524	12.005617111380001	0.125028981607184	2.686133113461935	0.014449357986450195	0.009418964385986328
117	12.317248554676732	12.004127243635812	0.160143777862346	2.698209526526875	0.009961366653442383	0.006908416748046875
118	12.317042881145252	12.00652486847958	0.16181090471462709	2.6787751115588065	0.009516239166259766	0.006806135177612305
119	12.316931137068826	12.009023939124443	0.16271666808170548	2.6585184078993422	0.01379704475402832	0.009023904800415039
120	12.312590087938537	12.00731070479753	0.19790388697214187	2.6724053622881105	0.01158595085144043	0.007726430892944336
121	12.310916666666644	12.008575050700646	0.21146812889217337	2.66215696041314	0.010940313339233398	0.0074155330657958984
122	12.322366545662144	12.02179272395171	0.11865890550133078	2.555018536509497	0.011955499649047852	0.00835418701171875
123	12.329009917129527	12.030755598582253	0.06480976466524854	2.4823682111971404	0.013875961303710938	0.010322093963623047
124	12.311835289679511	12.016314527678306	0.2040220512133946	2.5994231229612095	0.015318632125854492	0.01053476333618164
125	12.322282736397183	12.028871669925364	0.1193382378154132	2.4976387617102414	0.017358779907226562	0.010652542114257812
126	12.325109759999567	12.0339387939332	0.09642324760914373	2.4565662015393293	0.014597892761230469	0.010724306106567383
127	12.31965590468967	12.03091528123745	0.14063053364216743	2.4810738723466086	0.012671709060668945	0.008275032043457031
128	12.330506550776617	12.043727081680695	0.05267850925708113	2.3772253295066865	0.018157005310058594	0.012619256973266602
129	12.326282501220703	12.041856854541047	0.08691736531860751	2.3923848197042172	0.013637542724609375	0.008731842041015625
130	12.320860637009025	12.038691031711556	0.1308653412766299	2.418046013007093	0.014519929885864258	0.010367631912231445
131	12.319111515703279	12.03915092994267	0.14504318455920814	2.4143182183565766	0.028870582580566406	0.02306079864501953
132	12.314576233791133	12.036805967636269	0.18180479507843197	2.4333257668750714	0.027270078659057617	0.02005171775817871
133	12.321468820436003	12.045762406643982	0.12593559210118302	2.360727606756518	0.02604079246520996	0.013283014297485352
134	12.322989054410067	12.049121885278957	0.11361303964794374	2.3334966986191743	0.025296688079833984	0.011291742324829102
135	12.326878638662725	12.054989573312307	0.08208525721947253	2.285935010876537	0.02363443374633789	0.020049333572387695
136	12.324521262001264	12.054628700952398	0.10119343270987723	2.288860132048522	0.02970433235168457	0.020737886428833008
137	12.314891614085333	12.04717498233247	0.17924841870196537	2.3492776994971645	0.01714801788330078	0.011185646057128906
138	12.323498173918729	12.057517287841996	0.10948627234930282	2.2654461286318917	0.01665973663330078	0.010877132415771484
139	12.325443138544024	12.061334278429825	0.09372098291111244	2.234506768287051	0.01574850082397461	0.010732173919677734
140	12.323129974876897	12.060928470020842	0.11247078136805287	2.237796127353465	0.029708147048950195	0.024462223052978516
141	12.32378134110768	12.063429599374214	0.10719100556905362	2.217522736431372	0.016979455947875977	0.011540412902832031
142	12.324667944481726	12.066081410753945	0.10000446930667412	2.196027963008122	0.0222628116607666	0.012674093246459961
143	12.325949747284414	12.06917288771608	0.08961456713352842	2.1709693946075985	0.02856159210205078	0.01566910743713379
144	12.318909023882204	12.06400625751217	0.14668452143833977	2.2128485216237874	0.020591259002685547	0.012701988220214844
145	12.322072723765634	12.069010918021627	0.12104053608807844	2.172282271500092	0.019575119018554688	0.014505624771118164
146	12.329881175939915	12.078239082013615	0.05774760675105994	2.097481591618984	0.01898336410522461	0.012632131576538086
147	12.326800628250131	12.076938445543751	0.08271758580670618	2.108024153748185	0.018923282623291016	0.012640953063964844
148	12.321215366613428	12.073120082389476	0.12799001140534025	2.138974639697583	0.019591331481933594	0.012958526611328125
149	12.327870511124758	12.081319472548088	0.07404544186944384	2.0725128864163076	0.019620895385742188	0.013600826263427734
150	12.324465703672816	12.079583436108724	0.10164377155784098	2.0865846677669198	0.020679950714111328	0.01385045051574707
151	12.323754666666769	12.080543767226636	0.10740722044313605	2.078800516922481	0.02160501480102539	0.014150142669677734
152	12.323614248358377	12.081973440608348	0.10854540838004585	2.0672120209819274	0.020847320556640625	0.014066696166992188
153	12.328152336346895	12.087998052377944	0.07176105266246864	2.018378357343439	0.020427703857421875	0.014425039291381836
154	12.322902453304609	12.084373709791322	0.11431500176872557	2.0477561718075927	0.021758079528808594	0.015171051025390625
155	12.324337999662468	12.087342649782833	0.10267890127658585	2.023690850679352	0.022299766540527344	0.014992475509643555
156	12.322931355106423	12.087451316999159	0.11408073258719006	2.022810027400853	0.02208876609802246	0.014979839324951172
157	12.324798968289779	12.09105779826288	0.09894243032130107	1.9935769913669166	0.02245497703552246	0.015955448150634766
158	12.323838411036048	12.091294868674604	0.10672841415363642	1.991655370989129	0.024217605590820312	0.01638936996459961
159	12.330174692063082	12.098991527348938	0.05536845466967253	1.929268605631163	0.02323746681213379	0.015787124633789062
160	12.328888948594766	12.099144733111602	0.06579029867528349	1.9280267664940414	0.022691726684570312	0.016431331634521484
161	12.324638671875553	12.096420474214561	0.10024174411513927	1.9501087773737529	0.023841381072998047	0.017176151275634766
162	12.326163514990077	12.099290038616783	0.08788183137654537	1.9268489644320737	0.023545503616333008	0.016980886459350586
163	12.324831919253846	12.099387056482747	0.09867533986678285	1.926062567230952	0.02591228485107422	0.0177154541015625
164	12.332187495598031	12.107954437028155	0.03905328374162839	1.8566179962249472	0.02607417106628418	0.018374919891357422
165	12.325802367929018	12.103055616076649	0.09080917919217547	1.8963263432056299	0.026673078536987305	0.018048524856567383
166	12.327621337340261	12.106147747828937	0.07606516849166825	1.871262467276041	0.025931835174560547	0.018540143966674805
167	12.328249855277083	12.108111484256952	0.07097059398773446	1.8553450193361933	0.028102397918701172	0.018393516540527344
168	12.325199362828954	12.106391538840466	0.0956969544306458	1.8692863717680794	0.025710344314575195	0.018697738647460938
169	12.326333211856284	12.108908607455373	0.0865063203889859	1.848883782058373	0.026653528213500977	0.01941680908203125
170	12.332460638073652	12.116097786091201	0.03683927422699816	1.790610494954507	0.029084205627441406	0.020006418228149414
171	12.327944636677977	12.112926647862016	0.07344460276621996	1.816314773264463	0.030843257904052734	0.020457983016967773
172	12.326628616271993	12.112862906776604	0.08411186238475875	1.8168314390421143	0.030411243438720703	0.020561695098876953
173	12.326608034512551	12.114082189512004	0.08427869184300425	1.8069483054464803	0.029289722442626953	0.02085423469543457
174	12.326105887981406	12.114792726985936	0.08834893831480828	1.801188905616	0.028896570205688477	0.02088165283203125
175	12.32707368075729	12.116953766442258	0.08050430554896809	1.783672179567014	0.028638839721679688	0.021666765213012695
176	12.330631836734085	12.121634086780805	0.05166297953672678	1.7457349318448607	0.02910017967224121	0.022328853607177734
177	12.330216061702146	12.122406035230522	0.055033125005928815	1.739477753393963	0.031331777572631836	0.022845983505249023
178	12.326920798459025	12.120317540440697	0.08174352278241852	1.7564064545248421	0.03154277801513672	0.02270674705505371
179	12.327669727321522	12.122209568388296	0.07567293407744376	1.7410702536340283	0.034835100173950195	0.022777318954467773
180	12.327278300375976	12.122957771640245	0.07884572139202228	1.735005546506632	0.03287696838378906	0.025321483612060547
181	12.330703703703549	12.127568700546721	0.05108044782386053	1.6976307645470416	0.03337383270263672	0.025402545928955078
182	12.327278375227236	12.125181013420184	0.07884511467056622	1.7169846274133105	0.033472299575805664	0.024054288864135742
183	12.331704643623981	12.130639174213544	0.04296713442441358	1.6727424424458361	0.03345608711242676	0.02443528175354004
184	12.328879216028378	12.128939675775346	0.06586918788699124	1.686518057914356	0.035413265228271484	0.024908781051635742
185	12.327716620777359	12.12888453657617	0.07529283004140792	1.6869649994284068	0.035315752029418945	0.025168180465698242
186	12.324601030541038	12.126877401809766	0.10054685328049515	1.7032342210493399	0.03454852104187012	0.025638341903686523
187	12.327559777561879	12.130850988224346	0.07656415326050546	1.6710255427429164	0.035600900650024414	0.02589106559753418
188	12.330324658830989	12.134598727453177	0.05415286983516415	1.640647512771073	0.03658318519592285	0.026669979095458984
189	12.327777804533682	12.133131936723625	0.07479689319258397	1.6525368706009766	0.03726768493652344	0.027182579040527344
190	12.328903499474402	12.1352473494098	0.06567235368746764	1.6353899812205561	0.03882336616516113	0.02790379524230957
191	12.329593235165378	12.136944553091864	0.06008156675866268	1.6216329663446534	0.03837943077087402	0.027930736541748047
192	12.32533036274542	12.133734804978086	0.09463510910317133	1.6476502045911865	0.03888058662414551	0.028625011444091797
193	12.331085205077857	12.140454763442813	0.047988114159373235	1.5931802729373106	0.040053606033325195	0.03023982048034668
194	12.33074101373819	12.141026612988705	0.05077802407412541	1.5885450351089003	0.03967905044555664	0.029924392700195312
195	12.329595594479361	12.14087704969267	0.060062442879833	1.5897573495236057	0.042404890060424805	0.030275583267211914
196	12.331268699742562	12.143478967563661	0.04650076242977232	1.568666997649281	0.04256796836853027	0.03059673309326172
197	12.327800278795497	12.1410176035621	0.07461472368789632	1.5886180627703101	0.042875051498413086	0.0312654972076416
198	12.330884052354474	12.144985587061425	0.04961859672145643	1.5564547999843137	0.04195070266723633	0.0308682918548584
199	12.327934997356076	12.143023260128418	0.07352273616657887	1.5723608229879589	0.04412579536437988	0.032311439514160156
200	12.330871803018127	12.146825515593212	0.04971788610205753	1.5415409010516767	0.04269528388977051	0.03231978416442871
201	12.330063000000234	12.146939999359669	0.056273796430572336	1.5406129305936629	0.044168949127197266	0.03221583366394043
202	12.330311020083206	12.148072364523427	0.05426342136066361	1.5314343242970707	0.04862666130065918	0.03342556953430176
203	12.327926499149756	12.146631556624643	0.07359162003243308	1.5431130732335596	0.04297375679016113	0.03226304054260254
204	12.331107067218792	12.150646461662843	0.04781090631965475	1.5105694787789943	0.04554247856140137	0.0336916446685791
205	12.328643395074478	12.149234333911702	0.06778068054113953	1.5220157551949816	0.04585456848144531	0.034097909927368164
206	12.331703602675395	12.152982542051056	0.04297557203584109	1.491633924377602	0.04874420166015625	0.03821897506713867
207	12.332512146217088	12.154641790820971	0.03642176494218743	1.478184560431612	0.048928260803222656	0.035256385803222656
208	12.329484631065638	12.152504118984693	0.060961878433388114	1.4955118756868615	0.04773902893066406	0.03546547889709473
209	12.329098451012078	12.152972266159313	0.06409213604345124	1.4917172176187514	0.04754066467285156	0.03615617752075195
210	12.327589902827894	12.15230655326881	0.07631996705169032	1.4971132830612948	0.08243393898010254	0.04481768608093262
211	12.329733722060004	12.155256367280991	0.058942822882683425	1.4732029912821778	0.06218719482421875	0.04027223587036133
212	12.331021805461473	12.157341784413617	0.048502012093328654	1.4562992367009209	0.049836158752441406	0.037230730056762695
213	12.331126533984856	12.158261702997176	0.0476531146573112	1.4488426575216575	0.05048966407775879	0.037906646728515625
214	12.331944719962651	12.15987023990834	0.04102114892052616	1.4358043484199388	0.05361509323120117	0.0385136604309082
215	12.331029196525405	12.159766018027714	0.04844210238565499	1.436649139164457	0.055518388748168945	0.042774200439453125
216	12.327459167114727	12.157029884372415	0.07737967082788472	1.4588274032091386	0.05277132987976074	0.040253400802612305
217	12.333097565158484	12.163421302752104	0.03167653773667404	1.4070205171784607	0.05520486831665039	0.0399317741394043
218	12.33229633893532	12.163355034054518	0.038171032880373	1.407557671008684	0.05338931083679199	0.04051971435546875
219	12.331954728427494	12.163789415807628	0.040940023360181994	1.4040367051384697	0.056648969650268555	0.04256033897399902
220	12.328948777731249	12.161581212315895	0.0653053419613079	1.421935728458914	0.05696868896484375	0.04315471649169922
221	12.33191359879836	12.165269959844009	0.04127340757670899	1.3920358672024098	0.05731773376464844	0.04373478889465332
222	12.331035947191914	12.165144239712847	0.04838738354396684	1.3930549162021735	0.07569694519042969	0.04525637626647949
223	12.329358576984243	12.164237504699075	0.06198363433178094	1.400404633389794	0.06016826629638672	0.0446474552154541
224	12.331919542034703	12.167488640811595	0.041225233517440556	1.3740519166615708	0.05935406684875488	0.04528498649597168
225	12.332137305257396	12.168439149278422	0.039460111319277125	1.3663473852278902	0.062330007553100586	0.049275875091552734
226	12.329490962963392	12.166536992615747	0.060910554003372544	1.3817656863907224	0.06232118606567383	0.045563459396362305
227	12.331285601120578	12.16903428891966	0.04636376501970893	1.3615233649972749	0.07799863815307617	0.05760622024536133
228	12.330680392708974	12.16913546925063	0.05126939962883517	1.3607032281256544	0.06449365615844727	0.04689812660217285
229	12.331079603440259	12.170278055686389	0.04803351932351619	1.3514417713188769	0.06551647186279297	0.04805421829223633
230	12.331802452313582	12.171644756649318	0.04217432704834442	1.340363710578946	0.06709456443786621	0.049050331115722656
231	12.331185008629163	12.171735349447216	0.04717913704337054	1.3396293930179461	0.06660842895507812	0.05276846885681152
232	12.33276601399409	12.173971778209468	0.03436399024982014	1.3215015842720927	0.11561059951782227	0.07014274597167969
233	12.329639514740624	12.171561053398126	0.05970643865127288	1.3410421835777886	0.0673058032989502	0.05109405517578125
234	12.331007704198186	12.173587528887474	0.048616312628301725	1.324616191961553	0.06749129295349121	0.05083584785461426
235	12.330355085778146	12.173616131646572	0.05390623829111546	1.3243843467289724	0.07281327247619629	0.05278491973876953
236	12.332856650259885	12.176742457625314	0.03362932035132677	1.299043302839533	0.07009673118591309	0.05270671844482422
237	12.332657550188427	12.17720493107067	0.03524316474359202	1.2952946342886142	0.07369542121887207	0.05661368370056152
238	12.332049459237375	12.177250739468427	0.04017216433741982	1.2949233254020887	0.0744013786315918	0.057906389236450195
239	12.329456152209008	12.175342914780165	0.06119271935038562	1.3103875698498293	0.07495498657226562	0.05780363082885742
240	12.330785144563757	12.177286930736217	0.05042031307560602	1.2946299700348836	0.08100271224975586	0.055899858474731445
241	12.332322916667126	12.17949160525946	0.037955601900767334	1.2767595514555936	0.07646012306213379	0.05626869201660156
242	12.331833901160312	12.17958794185752	0.04191941229835204	1.2759786764041217	0.07524561882019043	0.056234121322631836
243	12.331800598455967	12.180182809625395	0.04218935385217271	1.271156859895981	0.07740068435668945	0.056671857833862305
244	12.3317546068151	12.180751249376124	0.04256214805139873	1.2665492608261195	0.07764267921447754	0.05735516548156738
245	12.33092802921747	12.18055417328909	0.04926213369652897	1.2681466994185868	0.1461794376373291	0.0698690414428711
246	12.331155895928084	12.181384047972383	0.04741511570995289	1.261419988603707	0.08057379722595215	0.06070733070373535
247	12.329909123004944	12.180757151202615	0.057521076374419396	1.266501422422465	0.1521756649017334	0.08418488502502441
248	12.333686481380383	12.18508444086742	0.02690296264315701	1.231425733558354	0.08310985565185547	0.06374287605285645
249	12.333767433957194	12.185762854686963	0.02624678577104725	1.2259267182627223	0.0839383602142334	0.0630950927734375
250	12.33035378558796	12.182974314966867	0.05391677723580899	1.248529769868633	0.08594918251037598	0.06227612495422363
251	12.33205401600049	12.185247785778763	0.040135228606833565	1.230101709577618	0.08612251281738281	0.07416248321533203
252	12.330458803190265	12.184245350195075	0.05306553661430341	1.238227146366775	0.08700704574584961	0.06684589385986328
253	12.332464996580804	12.186833045754025	0.036803945498716774	1.2172520762116745	0.09458136558532715	0.0699915885925293
254	12.332765704822428	12.187667587549528	0.03436649630092354	1.2104875352101188	0.08858084678649902	0.06817793846130371
255	12.3331823199078	12.188656726973903	0.030989541615068852	1.202469873028922	0.09119462966918945	0.06918835639953613
256	12.33272487957044	12.18876017037502	0.03469741332923638	1.201631392401637	0.09479284286499023	0.06984519958496094
257	12.331419467926025	12.188032134666202	0.04527868156544494	1.207532627581741	0.08901786804199219	0.06800413131713867
258	12.331734610661547	12.188893709024422	0.0427242307670976	1.2005489688800814	0.09239339828491211	0.06960678100585938
259	12.332737997911892	12.190437137169857	0.0345910800585744	1.1880384115550884	0.0942068099975586	0.07036972045898438
260	12.332975883071812	12.191214257948717	0.032662855580645134	1.1817393077833158	0.10114264488220215	0.08303618431091309
261	12.332543923531473	12.191335606108998	0.036164187733668814	1.180755696644716	0.10787749290466309	0.08109903335571289
262	12.333283219666942	12.192596350637862	0.030171678973032343	1.1705364864099101	0.09710979461669922	0.07313346862792969
263	12.331154299359852	12.191028687588302	0.047428057004597776	1.1832434844686106	0.09850597381591797	0.07509613037109375
264	12.332147959422143	12.192535566303942	0.039373751912647165	1.1710291856626847	0.0979313850402832	0.07594752311706543
265	12.331302435511708	12.192254750795069	0.0462273105849011	1.1733053904422153	0.10027384757995605	0.080291748046875
266	12.333024442996733	12.194448971626295	0.03226924365500487	1.1555197062988123	0.1045999526977539	0.08332133293151855
267	12.33223527471576	12.194189598412716	0.038666000800694024	1.157622106379207	0.10181021690368652	0.07816290855407715
268	12.332025947240965	12.194492254821942	0.0403627454019064	1.155168865929636	0.10229969024658203	0.07781219482421875
269	12.332710057416477	12.195681616565755	0.034817557183928115	1.1455282627566665	0.10879254341125488	0.08401942253112793
270	12.333225773358135	12.196692707229275	0.030637321213367194	1.137332670532866	0.11322236061096191	0.09374570846557617
271	12.331903063556151	12.19589129566581	0.04135880303355728	1.1438286679884615	0.10583043098449707	0.08079195022583008
272	12.334670333807466	12.199122627065254	0.018928155247839504	1.1176364822178735	0.10640525817871094	0.08538198471069336
273	12.333303385151419	12.198269065527857	0.03000822371255853	1.1245551914403265	0.11276054382324219	0.08722805976867676
274	12.332420789370618	12.197883466127406	0.0371622756476411	1.1276807424535615	0.11081480979919434	0.08336091041564941
275	12.332426936327138	12.198381657835949	0.03711245029480323	1.123642552566334	0.11565709114074707	0.08532142639160156
276	12.332198948160139	12.198633737481725	0.038960452769750444	1.1215992719197616	0.1125178337097168	0.08496475219726562
277	12.333466891317295	12.200394317607973	0.02868289265180827	1.1073285469366687	0.11812663078308105	0.08883118629455566
278	12.33349592284826	12.200876786518446	0.028447571925389575	1.1034178012502887	0.12265491485595703	0.09157609939575195
279	12.332818244136586	12.200681978095623	0.03394062866106441	1.1049968588489982	0.11634373664855957	0.08923912048339844
280	12.333932984151046	12.202252791410553	0.024904886443581166	1.0922643257010163	0.11988306045532227	0.09481596946716309
281	12.331689139942597	12.20050171170641	0.04309280253230509	1.1064580431630793	0.11887717247009277	0.09496688842773438
282	12.333030752916448	12.202290677993473	0.032218097372262895	1.0919572286269683	0.12047553062438965	0.09489917755126953
283	12.332556369976093	12.20228231465694	0.03606330065358713	1.092025019279496	0.12956666946411133	0.10040450096130371
284	12.33252458936101	12.202705996227696	0.03632090461655909	1.0885907858205888	0.197096586227417	0.12353777885437012
285	12.333276638605222	12.203907913858314	0.03022502305008363	1.0788484084625989	0.13077235221862793	0.10175776481628418
286	12.33267590027543	12.203763159190975	0.03509442454079418	1.080021745601202	0.12937116622924805	0.09959697723388672
287	12.333722270687636	12.205246017993474	0.026612865445348775	1.0680021448777122	0.13230228424072266	0.10035109519958496
288	12.331847554535642	12.203830330105708	0.04180874220642111	1.0794772786742381	0.2034904956817627	0.12852883338928223
289	12.333535276814102	12.205964320499332	0.028128580693374698	1.0621798040691715	0.1894071102142334	0.1312274932861328
290	12.334728820453682	12.207564317437093	0.018454080350090392	1.0492107173845238	0.13505792617797852	0.1060190200805664
291	12.332741809831541	12.206035370744877	0.034560181801709354	1.0616038924710376	0.13192248344421387	0.1035313606262207
292	12.33336656904177	12.207084757077439	0.029496074387960296	1.053097887245972	0.13927650451660156	0.1084146499633789
293	12.333298737588303	12.207450311154535	0.030045895440240458	1.0501348175038423	0.13734126091003418	0.10645055770874023
294	12.333031602395401	12.207610933856529	0.032211211755223464	1.0488328589209723	0.14454293251037598	0.10138058662414551
295	12.332285017297487	12.207296911636243	0.03826280262005749	1.0513782271649184	0.14255404472351074	0.10900664329528809
296	12.333707029441905	12.209121694861382	0.02673640632995564	1.036587091463977	0.14543986320495605	0.10179471969604492
297	12.33333693216587	12.209177690491076	0.029736301855605624	1.0361332079856258	0.14724302291870117	0.10315489768981934
298	12.33248445410493	12.208745568210874	0.036646228748692854	1.0396358592582888	0.14838123321533203	0.10357975959777832
299	12.332456455645891	12.20912887661779	0.03687317570949411	1.036528878339191	0.15304327011108398	0.11395573616027832
